Croacia;18;24
111111111111111111111111
111111111111111111111111
111111112121121211111111
111111112222222211111111
111111113333333311111111
111111113113311311111111
333333333113311333333333
333333333331133333333333
333333333331133333333333
333333333113311333333333
333333333113311333333333
333333333331133333333333
222222223331133322222222
222222223333333322222222
222222222222222222222222
222222222222222222222222
222222222222222222222222
222222222222222222222222
Qatar;18;24
333333111111111111111111
333333333111111111111111
333333111111111111111111
333333333111111111111111
333333111111111111111111
333333333111111111111111
333333111111111111111111
333333333111111111111111
333333111111111111111111
333333333111111111111111
333333111111111111111111
333333333111111111111111
333333111111111111111111
333333333111111111111111
333333111111111111111111
333333333111111111111111
333333111111111111111111
333333333111111111111111
Uruguay;18;24
333333333333333333333333
334444333333333333333333
344444432222222222222222
344444432222222222222222
344444433333333333333333
344444433333333333333333
334444332222222222222222
333333332222222222222222
333333333333333333333333
333333333333333333333333
222222222222222222222222
222222222222222222222222
333333333333333333333333
333333333333333333333333
222222222222222222222222
222222222222222222222222
333333333333333333333333
333333333333333333333333
Senegal;18;24
555555554444444411111111
555555554444444411111111
555555554444444411111111
555555554444444411111111
555555554444444411111111
555555554445544411111111
555555554445544411111111
555555554555555411111111
555555554455554411111111
555555554455554411111111
555555554554455411111111
555555554544445411111111
555555554444444411111111
555555554444444411111111
555555554444444411111111
555555554444444411111111
555555554444444411111111
555555554444444411111111
Nueva Zelanda;18;24
132231132231222222222222
313231132313222222222222
231331133132222222122222
333331133333222221112222
111111111111222222122222
333331133333222222222222
231331133132222222222122
313231132313222122221112
132231132231221112222122
222222222222222122222222
222222222222222222222222
222222222222222222222222
222222222222222222222222
222222222222222222122222
222222222222222221112222
222222222222222222122222
222222222222222222222222
222222222222222222222222
Australia;18;24
132231132231222222222222
313231132313222222222222
231331133132222222322222
333331133333222223332222
111111111111222222322222
333331133333222222222222
231331133132222222222322
313231132313222322223332
132231132231223332222322
222222222222222322222222
222222222222222222222222
222223222222222222223222
222233322222222222222222
222333332222222222322222
222233322222222223332222
222223222222222222322222
222222222222222222222222
222222222222222222222222
Paises Bajos;18;24
111111111111111111111111
111111111111111111111111
111111111111111111111111
111111111111111111111111
111111111111111111111111
111111111111111111111111
333333333333333333333333
333333333333333333333333
333333333333333333333333
333333333333333333333333
333333333333333333333333
333333333333333333333333
222222222222222222222222
222222222222222222222222
222222222222222222222222
222222222222222222222222
222222222222222222222222
222222222222222222222222
